progra,conteo2ind
Communication,189
"Medical & Health Care",57
Insurance,53
Government,27
Banking,19
Financial,18
Manufacturing,12
"Service Industry",9
"Wholesale & Retail",5
"Electronics & Computers",4
Utilities,3
Mining,2
Construction,1
"Professional Services",1
